{
  "arts": [
    {
      "id": 25,
      "thumbnail_url": "https://images.unsplash.com/photo-1551913902-c92207136625?ixlib=rb-1.2.1&ixid=MnwxMjA3fDB8MHxwaG90by1wYWdlfHx8fGVufDB8fHx8&auto=format&fit=crop&w=1234&q=80",
      "title": "Unde dolores autem velit adipisci.",
      "artist": "오지원"
    },
    {
      "id": 26,
      "thumbnail_url": "https://images.unsplash.com/photo-1619968057479-53f818b9fc95?ixid=MnwxMjA3fDB8MHxlZGl0b3JpYWwtZmVlZHw3fHx8ZW58MHx8fHw%3D&ixlib=rb-1.2.1&auto=format&fit=crop&w=800&q=60",
      "title": "Id debitis repudiandae.",
      "artist": "정미숙"
    },
    {
      "id": 27,
      "thumbnail_url": "https://images.unsplash.com/photo-1551913902-c92207136625?ixlib=rb-1.2.1&ixid=MnwxMjA3fDB8MHxwaG90by1wYWdlfHx8fGVufDB8fHx8&auto=format&fit=crop&w=1234&q=80",
      "title": "Ratione assumenda quia magni nostrum ullam eius.",
      "artist": "박은정"
    },
    {
      "id": 28,
      "thumbnail_url": "https://images.unsplash.com/photo-1551913902-c92207136625?ixlib=rb-1.2.1&ixid=MnwxMjA3fDB8MHxwaG90by1wYWdlfHx8fGVufDB8fHx8&auto=format&fit=crop&w=1234&q=80",
      "title": "Assumenda consequatur expedita porro excepturi.",
      "artist": "홍채원"
    },
    {
      "id": 29,
      "thumbnail_url": "https://images.unsplash.com/photo-1619968057479-53f818b9fc95?ixid=MnwxMjA3fDB8MHxlZGl0b3JpYWwtZmVlZHw3fHx8ZW58MHx8fHw%3D&ixlib=rb-1.2.1&auto=format&fit=crop&w=800&q=60",
      "title": "Eaque ipsum voluptate dolor quas.",
      "artist": "차성호"
    },
    {
      "id": 30,
      "thumbnail_url": "https://images.unsplash.com/photo-1551913902-c92207136625?ixlib=rb-1.2.1&ixid=MnwxMjA3fDB8MHxwaG90by1wYWdlfHx8fGVufDB8fHx8&auto=format&fit=crop&w=1234&q=80",
      "title": "Delectus placeat nulla voluptas expedita sapiente.",
      "artist": "권은경"
    },
    {
      "id": 31,
      "thumbnail_url": "https://images.unsplash.com/photo-1551913902-c92207136625?ixlib=rb-1.2.1&ixid=MnwxMjA3fDB8MHxwaG90by1wYWdlfHx8fGVufDB8fHx8&auto=format&fit=crop&w=1234&q=80",
      "title": "Sit enim atque eum tenetur.",
      "artist": "김지연"
    },
    {
      "id": 32,
      "thumbnail_url": "https://images.unsplash.com/photo-1551913902-c92207136625?ixlib=rb-1.2.1&ixid=MnwxMjA3fDB8MHxwaG90by1wYWdlfHx8fGVufDB8fHx8&auto=format&fit=crop&w=1234&q=80",
      "title": "Error corporis et dolorum fuga.",
      "artist": "손하윤"
    }
  ]
}
