{
  "artists": [
    {
      "id": 767,
      "name": "한정순",
      "thumbnail_url": "https://images.unsplash.com/photo-1616839114420-3c8847765d99?ixid=MnwxMjA3fDB8MHxwaG90by1wYWdlfHx8fGVufDB8fHx8&ixlib=rb-1.2.1&auto=format&fit=crop&w=1050&q=80"
    },
    {
      "id": 733,
      "name": "김정웅",
      "thumbnail_url": "https://images.unsplash.com/photo-1496499354870-877088652a58?ixid=MnwxMjA3fDB8MHxwaG90by1wYWdlfHx8fGVufDB8fHx8&ixlib=rb-1.2.1&auto=format&fit=crop&w=1267&q=80"
    },
    {
      "id": 625,
      "name": "김수빈",
      "thumbnail_url": "https://images.unsplash.com/photo-1543610892-0b1f7e6d8ac1?ixid=MnwxMjA3fDB8MHxwaG90by1wYWdlfHx8fGVufDB8fHx8&ixlib=rb-1.2.1&auto=format&fit=crop&w=1234&q=80"
    },
    {
      "id": 744,
      "name": "배영수",
      "thumbnail_url": "https://images.unsplash.com/photo-1585923491671-0ced430efe9c?ixid=MnwxMjA3fDB8MHxwaG90by1wYWdlfHx8fGVufDB8fHx8&ixlib=rb-1.2.1&auto=format&fit=crop&w=1301&q=80"
    }
  ]
}
